Name,Uniprot ID,SLiM sequence,OrthoDB id,reference DOI
CD40,P25942,KQEPQEINF,9606_0:004882,"10.1073/pnas.96.4.1234, 10.1074/jbc.274.20.14246"
TIFA,Q96CG3,SSSPTEMDE,9606_0:001440,10.1002/cbic.201800436
MAVS,Q7Z434,CHGPEENEY,9606_0:00486f,10.1074/jbc.M115.666578
TICAM1,Q8IUC6,CQEPEEMSW,9606_0:004368,"10.1073/pnas.0308496101, 10.4049/jimmunol.171.8.4304"
IRAK2,O43187,SNTPEETDD,9606_0:000e31,10.1038/nature00888
IRAK1,P51617,PPSPQENSY,9606_0:004fa3,10.1038/nature00888
IRAK1,P51617,PNQPVESDE,9606_0:004fa3,10.1038/nature00888
IRAK1,P51617,RQGPEESDE,9606_0:004fa3,10.1038/nature00888
IRAK3 (IRAK-M),Q9Y616,PSIPVEDDE,9606_0:0031e9,10.1038/nature00888
mouse TNFRSF11A (RANK),O35305,RKIPTEDEY,10090_0:000361,10.1038/nature00888
mouse TNFRSF11A (RANK),O35305,FQEPLEVGE,10090_0:000361,10.1038/nature00888
mouse TNFRSF11A (RANK),O35305,GNTPGEDHE,10090_0:000361,10.1038/nature00888